sim_tfidf,overlap_kw,remuneracao_num,tempo_processamento,cand_missing_ratio,cand_text_len,vaga_text_len,same_state,same_region,nivel_academico,nivel_ingles,tipo_contratacao,estado,cidade,recrutador,analista_responsavel,regiao_candidato,regiao_vaga
0.3745401188473625,0.6420316461542878,7610.957614308658,46.56511036394234,0.02709599250348349,796,533,0,1,Pos,Basico,CLT,RS,Curitiba,Recrutador_A,Analista_X,Sudeste,Norte
0.9507143064099162,0.08413996499504883,5042.007683265518,41.67883491701707,0.22197216193294944,557,657,0,0,Tecnico,Fluente,CLT,RS,Brasilia,Recrutador_D,Analista_Z,Nordeste,Sudeste
0.7319939418114051,0.16162871409461377,6363.905942589928,39.40238733461616,0.2310747965880714,590,752,1,1,Graduacao,Intermediario,CLT,RJ,Rio de Janeiro,Recrutador_C,Analista_Z,Nordeste,Sul
0.5986584841970366,0.8985541885270792,4379.466486813088,13.121432871112171,0.6718927435987284,734,431,1,1,Tecnico,Intermediario,CLT,RJ,Sao Paulo,Recrutador_B,Analista_X,Sudeste,Sul
0.15601864044243652,0.6064290596595899,5648.332704976884,9.031716607333093,0.019710537754364155,375,661,0,1,Pos,Nenhum,PJ,SP,Rio de Janeiro,Recrutador_A,Analista_X,Nordeste,Sudeste
0.15599452033620265,0.009197051616629648,4739.713891264631,32.426231336448254,0.10410858198457384,676,494,1,1,Graduacao,Basico,CLT,PR,Rio de Janeiro,Recrutador_D,Analista_Y,Norte,Sul
0.05808361216819946,0.1014715428660321,5193.991929985436,44.68067148899653,0.7999160853731894,633,474,1,0,Mestrado,Intermediario,CLT,SP,Sao Paulo,Recrutador_A,Analista_Z,Nordeste,Sudeste
0.8661761457749352,0.6635017691080558,6190.314050873827,27.1678559716547,0.1785446620543336,698,632,1,1,Ensino Medio,Avancado,CLT,RJ,Belo Horizonte,Recrutador_B,Analista_Z,Nordeste,Sul
0.6011150117432088,0.005061583846218687,3363.558633533055,27.86579640508529,0.6527461078518747,657,597,1,1,Ensino Medio,Intermediario,PJ,SP,Brasilia,Recrutador_B,Analista_X,Sudeste,Sudeste
0.7080725777960455,0.16080805141749865,9184.77455137092,14.159017402033356,0.23818278104672652,1091,263,0,1,Graduacao,Basico,PJ,SP,Sao Paulo,Recrutador_D,Analista_X,Sul,Sul
0.020584494295802447,0.5487337893665861,2987.965237000596,37.166167860021034,0.09944139275934516,472,721,1,0,Graduacao,Fluente,CLT,MG,Curitiba,Recrutador_C,Analista_Y,Sudeste,Sudeste
0.9699098521619943,0.6918951976926933,2571.6227744245357,9.791056182203599,0.24317219099945409,493,707,1,0,Tecnico,Nenhum,CLT,SP,Salvador,Recrutador_D,Analista_Y,Sudeste,Sul
0.8324426408004217,0.6519612595026005,7316.221747000136,16.212924110999452,0.7222669318556592,475,406,1,1,Mestrado,Basico,CLT,PR,Salvador,Recrutador_B,Analista_X,Norte,Sudeste
0.21233911067827616,0.22426930946055978,6583.325387925872,20.995512614971588,0.8556964681062857,488,559,1,1,Tecnico,Nenhum,CLT,SP,Brasilia,Recrutador_C,Analista_Z,Sudeste,Sudeste
0.18182496720710062,0.7121792213475359,6248.23963410431,24.857687798169387,0.8302198645669916,472,574,1,1,Graduacao,Intermediario,PJ,SP,Rio de Janeiro,Recrutador_C,Analista_Y,Centro-Oeste,Sudeste
0.18340450985343382,0.23724908749680007,6256.69101852856,12.393257423508771,0.3971835296184548,837,539,1,0,Pos,Fluente,PJ,RJ,Brasilia,Recrutador_D,Analista_Z,Nordeste,Sudeste
0.3042422429595377,0.3253996981592677,4975.506454306171,6.397330762742566,0.6680851365706462,884,417,1,1,Graduacao,Basico,CLT,SP,Curitiba,Recrutador_D,Analista_Z,Nordeste,Nordeste
0.5247564316322378,0.7464914051180241,3205.491257028337,29.699141994756733,0.20498429541582097,485,399,0,1,Pos,Avancado,CLT,SP,Sao Paulo,Recrutador_A,Analista_Y,Norte,Sudeste
0.43194501864211576,0.6496328990472147,5151.609116387453,14.56563600229202,0.29314773026101326,433,496,1,1,Ensino Medio,Basico,Cooperado,PR,Rio de Janeiro,Recrutador_C,Analista_Y,Sudeste,Nordeste
0.2912291401980419,0.8492234104941779,3645.6765769757767,28.31819640686278,0.8963358185211198,694,675,1,1,Graduacao,Fluente,CLT,SP,Curitiba,Recrutador_A,Analista_Y,Sudeste,Norte
0.6118528947223795,0.6576128923003434,6950.239466835503,8.25504761788751,0.013001923510736035,489,581,0,1,Ensino Medio,Avancado,PJ,RS,Sao Paulo,Recrutador_C,Analista_X,Sudeste,Sul
0.13949386065204183,0.5683086033354716,4705.885236995723,23.61358478717642,0.08550853085446808,726,444,0,0,Ensino Medio,Avancado,CLT,SP,Belo Horizonte,Recrutador_B,Analista_Y,Sudeste,Sudeste
0.29214464853521815,0.09367476782809248,3349.0056064149767,26.031703329924536,0.20788625514602732,640,615,1,1,Mestrado,Nenhum,CLT,SP,Belo Horizonte,Recrutador_B,Analista_X,Sudeste,Sudeste
0.3663618432936917,0.3677158030594335,4357.228316694013,3.4357062306540644,0.026532203873819715,296,72,1,1,Tecnico,Fluente,CLT,PR,Sao Paulo,Recrutador_B,Analista_Y,Sudeste,Centro-Oeste
0.45606998421703593,0.26520236768172545,5825.862908551248,16.82040107511427,0.18143543508979731,909,672,1,1,Graduacao,Intermediario,CLT,SP,Rio de Janeiro,Recrutador_C,Analista_X,Centro-Oeste,Sudeste
0.7851759613930136,0.24398964337908358,3872.5508943920504,7.31748981613179,0.5830415609696922,959,239,0,0,Graduacao,Basico,Cooperado,SP,Curitiba,Recrutador_B,Analista_X,Sul,Sudeste
0.19967378215835974,0.9730105547524456,3355.5592088671374,3.978623612220084,0.42142455059249795,477,445,0,1,Graduacao,Avancado,CLT,SP,Rio de Janeiro,Recrutador_C,Analista_X,Sudeste,Sul
0.5142344384136116,0.3930977246667604,5487.374422983825,47.52813092232743,0.8926717110769748,522,332,0,0,Pos,Basico,CLT,SP,Sao Paulo,Recrutador_B,Analista_X,Sul,Nordeste
0.5924145688620425,0.8920465551771133,5489.9331422174455,16.150630713811978,0.8174435617384409,657,305,1,1,Ensino Medio,Avancado,CLT,RS,Sao Paulo,Recrutador_A,Analista_Y,Sudeste,Centro-Oeste
0.046450412719997725,0.6311386259972629,3986.1136492577407,39.064098955167836,0.34181735169787597,666,674,0,1,Graduacao,Nenhum,CLT,SP,Sao Paulo,Recrutador_D,Analista_Y,Sudeste,Sudeste
0.6075448519014384,0.7948113035416484,4057.9233887633545,12.968110773896901,0.2594234334312925,731,429,1,1,Mestrado,Intermediario,CLT,PR,Salvador,Recrutador_B,Analista_Y,Centro-Oeste,Sul
0.17052412368729153,0.5026370931051921,5464.099874715273,33.030627944524674,0.3796924081672669,1002,551,1,1,Graduacao,Intermediario,CLT,RS,Sao Paulo,Recrutador_B,Analista_X,Sul,Sudeste
0.06505159298527952,0.5769038846263591,2103.8313170053516,36.730709414815266,0.5902949425148077,564,492,1,1,Mestrado,Nenhum,PJ,RJ,Belo Horizonte,Recrutador_C,Analista_X,Centro-Oeste,Sudeste
0.9488855372533332,0.4925176938188639,2185.0724512468896,28.995020808568682,0.26806364082287626,440,571,0,0,Ensino Medio,Basico,CLT,BA,Sao Paulo,Recrutador_B,Analista_X,Sudeste,Nordeste
0.9656320330745594,0.1952429877980445,3563.111557495128,23.164080861857443,0.624148907849134,324,511,1,1,Graduacao,Nenhum,CLT,SP,Sao Paulo,Recrutador_A,Analista_X,Nordeste,Sudeste
0.8083973481164611,0.7224521152615053,4573.1056965763055,20.35652296492162,0.4094116521912404,453,307,0,1,Graduacao,Intermediario,Cooperado,DF,Porto Alegre,Recrutador_B,Analista_Z,Sul,Sudeste
0.3046137691733707,0.2807723624408558,5621.815131196009,17.39680852752078,0.5520471808519802,593,649,1,1,Pos,Basico,CLT,SP,Curitiba,Recrutador_D,Analista_X,Sul,Sudeste
0.09767211400638387,0.02431596643145384,7950.712433899103,44.68786977964781,0.4361265291353167,958,425,1,0,Mestrado,Intermediario,Cooperado,MG,Sao Paulo,Recrutador_C,Analista_X,Sul,Nordeste
0.6842330265121569,0.6454722959071678,6715.3192464040385,40.03911216602327,0.29446575954191767,496,266,1,0,Graduacao,Basico,CLT,RJ,Rio de Janeiro,Recrutador_C,Analista_X,Nordeste,Centro-Oeste
0.4401524937396013,0.17711067940704894,4680.122940073145,46.35626480132609,0.9484533069621567,644,435,1,1,Graduacao,Basico,PJ,SP,Sao Paulo,Recrutador_C,Analista_X,Sul,Sul
0.12203823484477883,0.9404585843529143,4961.967584194623,6.841969503820602,0.7636057941597608,596,725,0,0,Tecnico,Intermediario,PJ,MG,Rio de Janeiro,Recrutador_A,Analista_Y,Sul,Centro-Oeste
0.4951769101112702,0.9539285770025874,2994.9412707243823,35.35077133457128,0.14011317576645255,837,627,1,1,Graduacao,Nenhum,PJ,PR,Belo Horizonte,Recrutador_B,Analista_Y,Norte,Sudeste
0.034388521115218396,0.9148643902204485,4962.97372801522,45.10200147058878,0.8684679758979128,1105,447,0,1,Graduacao,Fluente,Cooperado,SP,Sao Paulo,Recrutador_D,Analista_X,Centro-Oeste,Sudeste
0.9093204020787821,0.3701587002554444,4422.682722159723,9.517954109786027,0.48743119824951364,493,447,0,0,Mestrado,Avancado,CLT,SP,Sao Paulo,Recrutador_A,Analista_X,Sudeste,Sudeste
0.2587799816000169,0.015456616528867428,5645.437120676179,4.125324566238542,0.8945522268940914,502,451,0,0,Graduacao,Intermediario,Cooperado,PR,Sao Paulo,Recrutador_B,Analista_X,Centro-Oeste,Sudeste
0.662522284353982,0.9283185625877254,3345.538112895354,35.832670516632774,0.7998552559473152,808,811,1,1,Graduacao,Intermediario,CLT,MG,Salvador,Recrutador_B,Analista_X,Sudeste,Sudeste
0.31171107608941095,0.42818414831731433,6038.693028482345,28.00023631945586,0.42521350446923345,736,557,1,1,Tecnico,Avancado,CLT,DF,Brasilia,Recrutador_B,Analista_X,Sudeste,Nordeste
0.5200680211778108,0.9666548190436696,8065.477826005155,40.565952507638784,0.022469308320117398,969,564,1,1,Tecnico,Nenhum,CLT,PR,Sao Paulo,Recrutador_D,Analista_Z,Sul,Sudeste
0.5467102793432796,0.9636199770892528,4782.479703086285,7.569301701435606,0.2686773593849461,716,654,0,0,Tecnico,Nenhum,CLT,DF,Curitiba,Recrutador_A,Analista_Y,Nordeste,Sudeste
0.18485445552552704,0.8530094554673601,5803.423444197882,38.37756365741484,0.5416342146608669,528,535,0,1,Graduacao,Basico,CLT,PR,Sao Paulo,Recrutador_C,Analista_Y,Nordeste,Sudeste
0.9695846277645586,0.2944488920695857,6380.287983422225,10.476484042243992,0.6334782198261473,718,461,1,1,Pos,Avancado,CLT,SP,Sao Paulo,Recrutador_A,Analista_Y,Sudeste,Sudeste
0.7751328233611146,0.38509772860192526,4197.559056228328,8.691829314688112,0.2578876854332023,821,470,0,1,Graduacao,Nenhum,CLT,SP,Curitiba,Recrutador_D,Analista_Y,Sul,Nordeste
0.9394989415641891,0.8511366715168569,5448.1849636208335,8.720492502756668,0.13935607407282413,764,489,1,1,Graduacao,Intermediario,PJ,PR,Salvador,Recrutador_A,Analista_Y,Sudeste,Sudeste
0.8948273504276488,0.31692200515627766,5025.18480156359,39.28501185087496,0.8349302367992991,701,494,0,1,Tecnico,Fluente,PJ,MG,Brasilia,Recrutador_B,Analista_Y,Norte,Sudeste
0.5978999788110851,0.1694927466860925,5195.3521970976635,32.2642693727214,0.9844021807035521,813,609,1,0,Pos,Avancado,CLT,SP,Rio de Janeiro,Recrutador_C,Analista_Y,Norte,Centro-Oeste
0.9218742350231168,0.5568012624583502,3453.980432289067,25.58407496414861,0.5256901823026858,833,507,0,1,Pos,Intermediario,CLT,SP,Sao Paulo,Recrutador_C,Analista_X,Sul,Sudeste
0.0884925020519195,0.936154774160781,5049.020348517885,17.865032753804616,0.1716792858483035,876,609,1,1,Ensino Medio,Nenhum,CLT,DF,Curitiba,Recrutador_B,Analista_Y,Nordeste,Sudeste
0.1959828624191452,0.696029796674973,5995.9965824908995,42.22842541821609,0.27230732651936895,729,487,0,1,Pos,Avancado,CLT,RJ,Sao Paulo,Recrutador_B,Analista_Y,Centro-Oeste,Sudeste
0.045227288910538066,0.570061170089365,7902.287215590083,19.444920048863864,0.018390676547466733,566,511,0,0,Graduacao,Intermediario,CLT,RJ,Rio de Janeiro,Recrutador_B,Analista_Z,Sul,Sul
0.32533033076326434,0.09717649377076854,6918.541652170414,39.38017365516412,0.914298806560499,629,200,0,1,Ensino Medio,Nenhum,CLT,RJ,Sao Paulo,Recrutador_B,Analista_Y,Sudeste,Norte
0.388677289689482,0.6150072266991697,9306.364915023114,21.639340702800265,0.11775108289014113,841,637,1,1,Graduacao,Nenhum,CLT,SP,Belo Horizonte,Recrutador_A,Analista_Y,Sudeste,Centro-Oeste
0.2713490317738959,0.9900538501042633,3465.3048742239007,18.716388182970658,0.5765164755142536,436,551,1,0,Graduacao,Fluente,Cooperado,SP,Sao Paulo,Recrutador_B,Analista_X,Sul,Sudeste
0.8287375091519293,0.14008401523652403,6744.641273441356,22.745949926471503,0.274055220687206,673,649,1,0,Tecnico,Intermediario,CLT,SP,Sao Paulo,Recrutador_B,Analista_Y,Sul,Nordeste
0.3567533266935893,0.5183296523637367,5366.684011476704,15.164760085714677,0.5541780025157934,521,65,1,0,Mestrado,Avancado,CLT,SP,Salvador,Recrutador_B,Analista_X,Sudeste,Sudeste
0.28093450968738076,0.8773730719279554,9379.605866435344,36.1376408682838,0.6514203883518642,605,813,1,0,Pos,Avancado,CLT,PR,Sao Paulo,Recrutador_C,Analista_X,Nordeste,Sudeste
0.5426960831582485,0.7407686177542044,3383.4034292896968,24.62785833434652,0.8297418037072016,855,479,0,1,Graduacao,Intermediario,CLT,RJ,Rio de Janeiro,Recrutador_D,Analista_X,Sudeste,Sudeste
0.14092422497476265,0.697015740995268,3320.556315638448,11.913996671900414,0.2064212717606032,638,666,1,0,Graduacao,Intermediario,CLT,RS,Sao Paulo,Recrutador_C,Analista_Y,Sul,Sudeste
0.8021969807540397,0.7024840839871093,3801.214709111956,43.28000494390472,0.010995828658480478,609,344,1,1,Graduacao,Basico,PJ,RS,Sao Paulo,Recrutador_A,Analista_X,Sul,Sul
0.07455064367977082,0.35949115121975517,752.2085513803859,19.042887404540938,0.13688563006880727,328,591,1,0,Graduacao,Basico,CLT,SP,Sao Paulo,Recrutador_A,Analista_X,Sul,Sul
0.9868869366005173,0.29359184426449336,3948.489956638478,26.546984472357465,0.9000186418481051,749,341,1,0,Graduacao,Basico,CLT,MG,Sao Paulo,Recrutador_D,Analista_Z,Sul,Nordeste
0.7722447692966574,0.8093611554785136,3481.734676892604,43.604189215333705,0.8738900775625152,729,406,0,0,Ensino Medio,Avancado,Cooperado,RJ,Porto Alegre,Recrutador_B,Analista_X,Sudeste,Sul
0.1987156815341724,0.8101133946791808,5300.787572952415,30.339185807957627,0.5974131021703083,1032,787,1,1,Graduacao,Intermediario,PJ,RS,Sao Paulo,Recrutador_A,Analista_Y,Sudeste,Sul
0.005522117123602399,0.8670723185801037,5683.511951554319,6.494207913293112,0.6005168604336534,538,471,0,1,Pos,Avancado,PJ,SP,Brasilia,Recrutador_C,Analista_Y,Sul,Sudeste
0.8154614284548342,0.9132405525564713,8752.341678431772,45.17210980983333,0.6650366745462555,643,532,1,1,Graduacao,Basico,CLT,MG,Rio de Janeiro,Recrutador_C,Analista_X,Sul,Sudeste
0.7068573438476171,0.5113423988609378,6900.847676372101,30.502278494356638,0.1753712786234496,649,630,0,0,Ensino Medio,Intermediario,PJ,MG,Rio de Janeiro,Recrutador_C,Analista_Y,Sudeste,Sul
0.7290071680409873,0.5015162946871996,3846.1926886751935,16.74056388888305,0.9144119459249598,915,574,0,0,Pos,Intermediario,CLT,SP,Rio de Janeiro,Recrutador_B,Analista_X,Centro-Oeste,Sudeste
0.7712703466859457,0.7982951789667752,3203.1706573032843,7.545787415179201,0.4187705248920731,580,522,1,1,Tecnico,Intermediario,CLT,SP,Rio de Janeiro,Recrutador_A,Analista_Y,Sudeste,Nordeste
0.07404465173409036,0.6499639307777652,5983.838343013012,38.31918389570391,0.38313852824949746,655,554,0,1,Graduacao,Intermediario,CLT,MG,Curitiba,Recrutador_D,Analista_Y,Sul,Sudeste
0.3584657285442726,0.7019668772577033,2359.533585958716,30.143419528640134,0.5189177052828375,721,860,1,1,Tecnico,Basico,CLT,PR,Sao Paulo,Recrutador_B,Analista_Y,Nordeste,Sudeste
0.11586905952512971,0.795792669436101,8662.917531708707,26.07267132288711,0.046965966775055046,637,491,0,0,Graduacao,Intermediario,CLT,SP,Sao Paulo,Recrutador_C,Analista_Y,Sudeste,Sudeste
0.8631034258755935,0.8900053418175663,7358.880241442574,43.01295140339501,0.1662833687560794,510,530,1,0,Pos,Nenhum,CLT,MG,Porto Alegre,Recrutador_C,Analista_X,Sudeste,Sudeste
0.6232981268275579,0.3379951568515358,4061.6486957905904,38.064068927552945,0.7380336164263704,638,657,0,1,Graduacao,Basico,Cooperado,SP,Salvador,Recrutador_C,Analista_X,Centro-Oeste,Sudeste
0.3308980248526492,0.375582952639944,1573.730941818245,8.128719347439304,0.08279866792512647,814,665,0,1,Tecnico,Intermediario,Cooperado,PR,Porto Alegre,Recrutador_B,Analista_Y,Sul,Centro-Oeste
0.06355835028602363,0.093981939840869,7707.744748330826,15.650937186390767,0.6031521094663882,394,678,0,0,Pos,Intermediario,PJ,SP,Rio de Janeiro,Recrutador_B,Analista_Y,Sul,Sudeste
0.3109823217156622,0.578280140996174,4770.920309494764,12.67898957127989,0.24534910968132095,626,595,0,0,Pos,Fluente,CLT,RS,Curitiba,Recrutador_C,Analista_Z,Nordeste,Sul
0.32518332202674705,0.035942273796742086,7475.632623946924,35.965475750915815,0.38929561404197655,459,328,1,1,Pos,Intermediario,PJ,SP,Rio de Janeiro,Recrutador_D,Analista_Z,Nordeste,Sudeste
0.7296061783380641,0.46559801813246016,1811.1446824112659,2.576024432581631,0.28869373677069987,839,745,1,1,Tecnico,Intermediario,CLT,SP,Rio de Janeiro,Recrutador_D,Analista_Z,Norte,Sudeste
0.6375574713552131,0.5426446347075766,3801.2499540924546,27.784815188951878,0.35567271646494913,295,328,1,1,Graduacao,Intermediario,PJ,SP,Sao Paulo,Recrutador_A,Analista_Y,Sul,Sudeste
0.8872127425763265,0.2865412521282844,5010.487399436366,36.835558229812456,0.7190459051842455,488,545,1,1,Mestrado,Intermediario,CLT,SP,Rio de Janeiro,Recrutador_A,Analista_X,Sudeste,Nordeste
0.4722149251619493,0.5908332605690108,5093.961187529484,42.20798492780222,0.297121715623175,675,386,0,1,Pos,Nenhum,PJ,RJ,Sao Paulo,Recrutador_D,Analista_Y,Sudeste,Sudeste
0.1195942459383017,0.03050024993904943,4099.869057041513,17.07784218964765,0.5664046402968972,913,490,1,1,Ensino Medio,Basico,CLT,SP,Sao Paulo,Recrutador_C,Analista_Y,Sudeste,Centro-Oeste
0.713244787222995,0.03734818874921442,6245.699864694998,39.599093319584604,0.47605040219909966,586,549,0,0,Ensino Medio,Basico,PJ,RS,Porto Alegre,Recrutador_D,Analista_X,Sul,Sudeste
0.7607850486168974,0.8226005606596583,2864.759141234811,6.199691636894739,0.6636711653626481,488,548,0,1,Graduacao,Intermediario,Cooperado,SP,Sao Paulo,Recrutador_A,Analista_Z,Sudeste,Centro-Oeste
0.5612771975694962,0.3601906414112629,4715.241029957413,40.78325771152235,0.936829739324758,976,563,0,0,Mestrado,Nenhum,CLT,SP,Sao Paulo,Recrutador_C,Analista_Z,Nordeste,Sudeste
0.770967179954561,0.12706051265188478,5240.5912634237975,6.991967129603173,0.7325720972102503,310,742,1,1,Graduacao,Nenhum,CLT,SP,Sao Paulo,Recrutador_C,Analista_Y,Sul,Sul
0.49379559636439074,0.5222432600548044,6028.877668117498,19.67250265633726,0.21494037859075676,160,568,0,1,Graduacao,Basico,Cooperado,SP,Salvador,Recrutador_C,Analista_X,Sul,Sul
0.5227328293819941,0.7699935530986108,6423.22975617778,38.47288219163902,0.031183135061284672,688,463,0,1,Tecnico,Fluente,CLT,SP,Rio de Janeiro,Recrutador_B,Analista_X,Sudeste,Nordeste
0.42754101835854963,0.21582102749684318,2750.7158163242616,8.046119085392368,0.2622640442998251,499,644,1,1,Graduacao,Basico,PJ,RJ,Rio de Janeiro,Recrutador_A,Analista_Z,Sudeste,Sudeste
0.02541912674409519,0.6228904758190003,1931.7716585287553,11.77481557593415,0.5950779307002548,395,678,0,0,Pos,Intermediario,CLT,RJ,Porto Alegre,Recrutador_C,Analista_Z,Sudeste,Sudeste
0.10789142699330445,0.085347464993768,7555.353643797018,34.94587071447412,0.05142581348425035,741,315,0,0,Graduacao,Nenhum,CLT,RJ,Porto Alegre,Recrutador_B,Analista_X,Sudeste,Sudeste
0.03142918568673425,0.0516817211686077,5664.628023959183,34.8417172176655,0.49636624720123634,648,589,1,1,Pos,Intermediario,CLT,RJ,Sao Paulo,Recrutador_B,Analista_X,Sudeste,Nordeste
0.6364104112637804,0.531354631568148,3503.026926886893,31.133938745608972,0.5968428489168892,487,605,1,1,Mestrado,Basico,CLT,RJ,Belo Horizonte,Recrutador_D,Analista_Z,Sul,Sul
0.3143559810763267,0.5406351216101065,8102.303951045045,33.6155768899537,0.3342438908169608,343,455,1,0,Tecnico,Basico,PJ,SP,Curitiba,Recrutador_B,Analista_X,Nordeste,Centro-Oeste
0.5085706911647028,0.6374299014982066,5231.349268585717,26.50804883733702,0.7709122037458219,774,706,1,1,Graduacao,Intermediario,CLT,RJ,Belo Horizonte,Recrutador_D,Analista_Y,Nordeste,Sudeste
0.907566473926093,0.7260913337226615,7358.594368127653,12.83455576862678,0.1065982531337718,730,477,1,1,Graduacao,Nenhum,CLT,DF,Sao Paulo,Recrutador_A,Analista_Z,Sul,Sudeste
0.24929222914887494,0.9758520794625346,5135.036962820218,17.247711694684213,0.07513778173580876,580,518,1,0,Pos,Nenhum,CLT,RJ,Porto Alegre,Recrutador_C,Analista_X,Sudeste,Sudeste
0.41038292303562973,0.5163003483011953,9121.495849763975,9.535092689667007,0.7281887562036033,969,474,1,1,Graduacao,Basico,CLT,MG,Rio de Janeiro,Recrutador_D,Analista_Y,Nordeste,Norte
0.7555511385430487,0.32295647294124596,8510.68168488641,43.69717638268053,0.49549131620619846,385,502,1,1,Graduacao,Nenhum,PJ,SP,Sao Paulo,Recrutador_A,Analista_X,Nordeste,Sul
0.22879816549162246,0.7951861947687037,4502.071703041853,28.41941435400766,0.688402396427736,294,335,0,1,Pos,Nenhum,Cooperado,PR,Rio de Janeiro,Recrutador_A,Analista_X,Sudeste,Nordeste
0.07697990982879299,0.2708322512620742,6943.141901908711,19.840016587891075,0.4348273386037462,461,283,1,0,Graduacao,Basico,CLT,PR,Sao Paulo,Recrutador_B,Analista_Z,Centro-Oeste,Sudeste
0.289751452913768,0.4389714207056361,6290.751899170295,22.714272771274235,0.2464020332391068,590,739,0,1,Mestrado,Avancado,PJ,RJ,Sao Paulo,Recrutador_A,Analista_Y,Sudeste,Sul
0.16122128725400442,0.07845638134226596,7737.263115064698,45.52231696175532,0.8191023176741997,648,372,1,1,Graduacao,Intermediario,PJ,DF,Curitiba,Recrutador_C,Analista_Z,Nordeste,Sul
0.9296976523425731,0.02535074341545751,3070.1530788397913,8.20751594645577,0.7994158789689793,551,351,1,0,Tecnico,Intermediario,CLT,SP,Sao Paulo,Recrutador_D,Analista_Y,Norte,Sudeste
0.808120379564417,0.9626484146779251,6372.102919996879,28.55280210478947,0.6946964708544268,670,176,1,1,Graduacao,Basico,Cooperado,SP,Rio de Janeiro,Recrutador_B,Analista_X,Sudeste,Nordeste
0.6334037565104235,0.8359801205122058,7116.848973699176,24.7767679075699,0.2721451372299627,349,404,1,0,Pos,Fluente,CLT,PR,Rio de Janeiro,Recrutador_B,Analista_X,Nordeste,Nordeste
0.8714605901877177,0.695974206093698,1482.5210271537712,29.738349065428448,0.5902306668690871,888,301,1,1,Graduacao,Basico,CLT,RS,Sao Paulo,Recrutador_B,Analista_X,Sul,Nordeste
0.8036720768991145,0.4089529444142699,2633.48297466845,1.851178639579504,0.3609738969400268,583,746,0,0,Pos,Nenhum,PJ,SP,Brasilia,Recrutador_C,Analista_X,Norte,Centro-Oeste
0.18657005888603584,0.17329432007084578,921.535644479799,41.98982372037512,0.09158207332663415,823,651,1,1,Mestrado,Intermediario,CLT,SP,Sao Paulo,Recrutador_A,Analista_X,Sudeste,Sudeste
0.8925589984899778,0.15643704267108605,4461.186331110885,44.809559276729786,0.9173135754622428,668,396,0,1,Graduacao,Nenhum,PJ,SP,Sao Paulo,Recrutador_C,Analista_X,Nordeste,Sudeste
0.5393422419156507,0.25024289816459533,6435.084511591925,27.56125962869282,0.1368186309189614,691,837,0,1,Mestrado,Basico,PJ,SP,Sao Paulo,Recrutador_C,Analista_Y,Sudeste,Norte
0.8074401551640625,0.5492266647061205,8004.714104192057,33.74258872221394,0.9502373538208024,713,647,1,1,Tecnico,Intermediario,CLT,PR,Sao Paulo,Recrutador_C,Analista_Y,Sudeste,Sudeste
0.8960912999234932,0.7145959227000623,5148.189560839551,44.3574709153329,0.44600577295795574,689,451,1,0,Tecnico,Avancado,PJ,RJ,Sao Paulo,Recrutador_A,Analista_Y,Sudeste,Centro-Oeste
0.3180034749718639,0.6601973767177313,8257.231091142585,34.24021581272974,0.18513292883861965,728,125,0,0,Tecnico,Intermediario,CLT,SP,Curitiba,Recrutador_C,Analista_Y,Norte,Centro-Oeste
0.11005192452767676,0.27993389694594284,2239.797083570217,8.169335016970283,0.5419009473783581,865,843,1,1,Pos,Intermediario,CLT,SP,Brasilia,Recrutador_A,Analista_X,Nordeste,Sul
0.22793516254194168,0.9548652806631941,1593.2351212896906,28.08555292784022,0.8729458358764083,639,291,1,1,Graduacao,Fluente,PJ,SP,Sao Paulo,Recrutador_A,Analista_X,Nordeste,Norte
0.4271077886262563,0.7378969166957685,4888.904602206762,29.515607179994227,0.7322248864095612,741,253,0,0,Tecnico,Nenhum,Cooperado,SP,Belo Horizonte,Recrutador_D,Analista_Y,Nordeste,Sudeste
0.8180147659224931,0.5543540525114007,5768.130897878615,20.934141551212143,0.8065611478614497,582,653,1,0,Graduacao,Basico,CLT,MG,Curitiba,Recrutador_C,Analista_Y,Sudeste,Sudeste
0.8607305832563434,0.6117207462343522,4934.610503811814,35.61287907436197,0.6587833667107174,888,865,0,1,Graduacao,Basico,CLT,DF,Porto Alegre,Recrutador_A,Analista_X,Sudeste,Sudeste
0.006952130531190703,0.4196000624277899,865.1157999202469,44.9152496941437,0.6922765645178525,464,707,0,1,Ensino Medio,Basico,PJ,RS,Rio de Janeiro,Recrutador_A,Analista_Z,Sudeste,Sudeste
0.5107473025775657,0.24773098950115746,4821.759920974423,44.501720106618485,0.8491956515653193,960,584,1,1,Pos,Basico,PJ,SP,Sao Paulo,Recrutador_A,Analista_Y,Sudeste,Sudeste
0.417411003148779,0.3559726786512616,2391.0609989902937,22.18945045599421,0.24966800885918594,591,589,1,1,Pos,Fluente,PJ,RS,Sao Paulo,Recrutador_B,Analista_Y,Sudeste,Sudeste
0.22210781047073025,0.7578461104643691,6339.345097660077,6.322188154515497,0.4894249636431405,313,628,1,1,Graduacao,Intermediario,CLT,PR,Curitiba,Recrutador_A,Analista_X,Sudeste,Nordeste
0.1198653673336828,0.014393488629755868,5733.196492193696,47.287536351229726,0.22120944181960223,625,613,1,1,Mestrado,Intermediario,CLT,PR,Porto Alegre,Recrutador_A,Analista_Y,Sudeste,Nordeste
0.33761517140362796,0.11607264050691624,3120.2404273452894,40.428210062958904,0.987668007996647,463,542,1,1,Graduacao,Basico,CLT,RJ,Sao Paulo,Recrutador_B,Analista_Y,Sudeste,Sudeste
0.9429097039125192,0.04600264202175275,3972.266165326613,6.859146016553542,0.9440593396866133,768,515,0,0,Mestrado,Avancado,PJ,SP,Sao Paulo,Recrutador_C,Analista_Y,Sudeste,Sudeste
0.32320293202075523,0.040728802318970136,2881.5729562220968,44.2795684830165,0.0394268113685059,469,490,1,1,Graduacao,Fluente,CLT,SP,Salvador,Recrutador_C,Analista_Y,Sudeste,Nordeste
0.5187906217433661,0.8554605840110072,4874.641805453656,41.88512901692003,0.7055751725156885,510,386,1,1,Graduacao,Avancado,CLT,SP,Porto Alegre,Recrutador_C,Analista_Z,Norte,Sudeste
0.7030189588951778,0.7036578593800237,6910.284641002477,25.38538868492539,0.9252483174156658,222,457,0,1,Tecnico,Nenhum,Cooperado,SP,Brasilia,Recrutador_A,Analista_Y,Centro-Oeste,Sudeste
0.363629602379294,0.4741738290873252,3028.5479073289125,28.789945480011674,0.18057534512733353,509,246,0,1,Pos,Intermediario,CLT,SP,Curitiba,Recrutador_D,Analista_X,Norte,Sudeste
0.9717820827209607,0.09783416065100148,6008.093031035689,19.75312708189612,0.5679452305526295,115,485,0,1,Graduacao,Nenhum,Cooperado,RJ,Sao Paulo,Recrutador_D,Analista_Y,Sudeste,Sul
0.9624472949421112,0.49161587511683236,3939.484763255118,3.5737970246354727,0.9154882975880418,283,351,1,1,Tecnico,Basico,PJ,PR,Rio de Janeiro,Recrutador_D,Analista_Y,Sudeste,Sudeste
0.25178229582536416,0.4734717707805657,3414.2543354753116,16.754270357357342,0.03394597858579884,752,334,0,1,Ensino Medio,Nenhum,PJ,RJ,Belo Horizonte,Recrutador_D,Analista_Y,Centro-Oeste,Norte
0.49724850589238545,0.17320186991001518,4785.9392800908845,38.734112084106535,0.6974202672468399,757,526,1,1,Graduacao,Intermediario,CLT,SP,Sao Paulo,Recrutador_D,Analista_X,Sudeste,Sudeste
0.30087830981676966,0.43385164923797304,2929.515355161252,1.2177050812163344,0.29734900737255077,685,708,1,1,Graduacao,Intermediario,CLT,DF,Rio de Janeiro,Recrutador_C,Analista_X,Sudeste,Sul
0.2848404943774676,0.39850473439737344,3892.701389305636,16.674461069483776,0.9243961953765304,406,637,1,1,Pos,Nenhum,PJ,BA,Curitiba,Recrutador_A,Analista_Z,Sudeste,Sudeste
0.036886947354532795,0.6158500980522165,2604.244214822303,19.713928598774334,0.9710582451653678,590,264,0,0,Pos,Basico,PJ,PR,Sao Paulo,Recrutador_C,Analista_Y,Sudeste,Sudeste
0.6095643339798968,0.6350936508676438,8929.450265832778,26.257593338082376,0.9442664891134339,599,351,1,1,Ensino Medio,Intermediario,PJ,DF,Curitiba,Recrutador_C,Analista_Z,Sudeste,Sul
0.5026790232288615,0.04530400977204452,5070.527103943457,44.23321397139974,0.47421421665746377,368,641,1,0,Pos,Basico,CLT,RJ,Rio de Janeiro,Recrutador_C,Analista_Y,Sudeste,Centro-Oeste
0.05147875124998935,0.3746126146264712,3600.548984014829,17.27826173520018,0.8620426509893134,900,352,1,1,Tecnico,Nenhum,PJ,DF,Brasilia,Recrutador_C,Analista_Y,Sul,Centro-Oeste
0.27864646423661144,0.6258599157142364,5427.959821468444,17.3068004891227,0.8445493985350704,775,466,1,1,Pos,Basico,PJ,SP,Sao Paulo,Recrutador_A,Analista_Y,Sudeste,Sul
0.9082658859666537,0.5031362585800877,4775.343900618341,35.66255866115817,0.31910047324325563,555,582,0,1,Pos,Avancado,PJ,SP,Sao Paulo,Recrutador_B,Analista_Z,Sudeste,Nordeste
0.23956189066697242,0.8564898411883223,4558.060800933554,22.254243221820936,0.8289154741506773,605,354,0,1,Graduacao,Nenhum,PJ,SP,Belo Horizonte,Recrutador_D,Analista_Y,Nordeste,Nordeste
0.1448948720912231,0.658693631618945,6228.333400086851,11.556426678179152,0.03700763471549262,641,515,0,0,Pos,Nenhum,PJ,SP,Sao Paulo,Recrutador_C,Analista_Y,Sudeste,Centro-Oeste
0.489452760277563,0.1629344270814297,6515.01542009461,22.26465725823659,0.596269878482053,191,299,1,0,Graduacao,Basico,PJ,SP,Curitiba,Recrutador_C,Analista_X,Sudeste,Sudeste
0.9856504541106007,0.07056874740042984,3938.9977047789453,7.6202799578505935,0.23000883728770305,550,409,1,0,Graduacao,Fluente,CLT,MG,Curitiba,Recrutador_B,Analista_Y,Nordeste,Sudeste
0.2420552715115004,0.6424192782063156,3848.36351871064,9.290188365792496,0.12056688577727881,463,547,1,1,Pos,Intermediario,CLT,PR,Sao Paulo,Recrutador_B,Analista_Y,Sudeste,Sudeste
0.6721355474058786,0.026511310541621813,4449.896605696712,24.423285318755546,0.07695320162920916,399,261,1,1,Graduacao,Intermediario,CLT,RJ,Rio de Janeiro,Recrutador_D,Analista_X,Sudeste,Sul
0.7616196153287176,0.5857755812734633,396.15767052883075,20.689496126713752,0.6962887758781398,543,566,1,1,Graduacao,Basico,CLT,SP,Rio de Janeiro,Recrutador_C,Analista_X,Sudeste,Sudeste
0.23763754399239967,0.9402302414249576,1969.6178756028953,43.9977573502007,0.33987496376806614,959,497,0,1,Graduacao,Intermediario,CLT,RS,Sao Paulo,Recrutador_D,Analista_X,Sudeste,Sudeste
0.7282163486118596,0.575474177875879,7733.74853488905,18.032513258481757,0.7247667715287615,728,582,1,1,Pos,Nenhum,CLT,MG,Salvador,Recrutador_B,Analista_X,Sul,Nordeste
0.3677831327192532,0.3881699262065219,8289.935427002567,28.287652463068042,0.06535634079894237,485,533,1,1,Graduacao,Intermediario,CLT,SP,Porto Alegre,Recrutador_C,Analista_X,Nordeste,Nordeste
0.6323058305935795,0.6432882184423532,4501.927920887243,30.71642153221793,0.31529033783061033,714,704,1,1,Tecnico,Fluente,CLT,MG,Belo Horizonte,Recrutador_A,Analista_Y,Sudeste,Nordeste
0.6335297107608947,0.45825289049151663,6153.113926111533,1.615439459651681,0.5394912923753372,879,518,1,1,Pos,Intermediario,PJ,SP,Curitiba,Recrutador_C,Analista_Z,Sul,Sudeste
0.5357746840747585,0.5456167893159349,5622.500309087072,32.186256484785396,0.7907231648389635,784,435,1,0,Pos,Avancado,Cooperado,SP,Rio de Janeiro,Recrutador_B,Analista_Y,Sul,Sul
0.0902897700544083,0.9414648087765252,11157.761616910477,9.367690442878317,0.3187525029320699,611,518,0,0,Tecnico,Intermediario,CLT,BA,Salvador,Recrutador_B,Analista_X,Sudeste,Sudeste
0.835302495589238,0.38610263780077425,7239.1498228691535,46.17030492106439,0.6258913764370091,470,581,0,0,Tecnico,Nenhum,Cooperado,SP,Belo Horizonte,Recrutador_C,Analista_X,Sul,Sudeste
0.32078006497173583,0.9611905638239142,4744.164817038467,7.987148204396309,0.8859777482361871,739,507,0,1,Tecnico,Fluente,CLT,RJ,Curitiba,Recrutador_D,Analista_Y,Sudeste,Sudeste
0.18651851039985423,0.9053506419560637,3088.9191187991482,20.487333815170114,0.6158631881823046,678,506,1,1,Graduacao,Nenhum,CLT,RS,Porto Alegre,Recrutador_A,Analista_X,Sudeste,Sudeste
0.040775141554763916,0.19579113478929644,1787.107359484855,5.011434399696261,0.23295947475363377,779,394,1,1,Graduacao,Intermediario,CLT,PR,Sao Paulo,Recrutador_D,Analista_Z,Sudeste,Sudeste
0.5908929431882418,0.06936130087516545,5406.927271734447,47.85308983675952,0.02440078155653802,727,400,1,0,Pos,Nenhum,CLT,SP,Porto Alegre,Recrutador_B,Analista_Y,Sudeste,Nordeste
0.6775643618422824,0.10077800137742665,3487.2985094313935,24.6031654855684,0.8700988739009299,809,289,1,1,Graduacao,Nenhum,PJ,SP,Sao Paulo,Recrutador_B,Analista_Y,Sudeste,Sudeste
0.016587828927856152,0.018221825651549728,2155.492580804652,28.98309581404206,0.021269410850387138,492,762,0,1,Graduacao,Basico,PJ,SP,Sao Paulo,Recrutador_A,Analista_X,Nordeste,Centro-Oeste
0.512093058299281,0.0944429607559284,3706.854231514947,4.1525944372560915,0.8747016726841994,863,313,1,0,Graduacao,Basico,CLT,MG,Sao Paulo,Recrutador_B,Analista_Y,Sudeste,Sul
0.22649577519793795,0.6830067734163568,2836.90399277121,36.24814210876136,0.528937134027212,639,396,1,1,Pos,Intermediario,CLT,RJ,Brasilia,Recrutador_C,Analista_X,Sudeste,Sudeste
0.6451727904094499,0.07118864846022899,8374.28327014513,10.86556287549253,0.9390676985128962,1015,392,1,1,Graduacao,Intermediario,CLT,SP,Porto Alegre,Recrutador_A,Analista_Z,Sudeste,Sudeste
0.17436642900499144,0.3189756302937613,6763.279513898901,43.208551603713545,0.7987832357736654,462,634,1,1,Mestrado,Nenhum,CLT,DF,Curitiba,Recrutador_B,Analista_Y,Centro-Oeste,Sudeste
0.690937738102466,0.8448753109694546,4984.0547173667655,10.641563102654336,0.9979341105333375,947,455,0,1,Graduacao,Nenhum,CLT,RJ,Curitiba,Recrutador_D,Analista_X,Sul,Sul
0.3867353463005374,0.023271935735825866,7959.888277780052,9.96232287119233,0.35071181545171015,639,687,1,1,Tecnico,Intermediario,CLT,SP,Rio de Janeiro,Recrutador_A,Analista_X,Sul,Sudeste
0.9367299887367345,0.8144684825889358,5154.736615295236,2.7178343888604592,0.7671882889311269,469,398,1,1,Graduacao,Basico,PJ,RJ,Salvador,Recrutador_D,Analista_X,Centro-Oeste,Sudeste
0.13752094414599325,0.28185477477339993,3277.4315973434727,23.187146420169963,0.40193091360924216,503,541,1,1,Graduacao,Intermediario,Cooperado,MG,Rio de Janeiro,Recrutador_B,Analista_Y,Nordeste,Sudeste
0.3410663510502585,0.11816482762165625,8046.248154539315,27.54753326334297,0.47987562030390885,535,374,1,1,Graduacao,Intermediario,CLT,SP,Sao Paulo,Recrutador_C,Analista_X,Sudeste,Sul
0.11347352124058907,0.6967371653641506,6077.820087369318,4.088306053132561,0.6275054632183701,684,821,0,0,Ensino Medio,Avancado,Cooperado,SP,Sao Paulo,Recrutador_B,Analista_Y,Sul,Nordeste
0.9246936182785628,0.628942846779884,2925.507691347087,37.449797984665494,0.8736771141863388,704,321,0,1,Tecnico,Intermediario,CLT,RS,Curitiba,Recrutador_A,Analista_X,Nordeste,Sudeste
0.877339353380981,0.877472013527053,4619.322643832784,22.304575233157298,0.9840834691992951,485,546,0,1,Pos,Basico,CLT,RJ,Curitiba,Recrutador_A,Analista_Y,Norte,Centro-Oeste
0.2579416277151556,0.7350710438038858,3248.7634932304854,25.64634265839626,0.7682734138645182,595,595,0,1,Tecnico,Intermediario,CLT,RJ,Sao Paulo,Recrutador_A,Analista_Z,Nordeste,Sul
0.659984046034179,0.8034809303848486,2234.400538071328,21.715849106096723,0.41776678216733376,1028,562,1,0,Pos,Basico,PJ,RJ,Sao Paulo,Recrutador_A,Analista_Y,Sudeste,Nordeste
0.8172222002012158,0.2820345725713065,6852.3550950632825,19.83586386114032,0.4213570022770702,945,472,0,1,Graduacao,Basico,Cooperado,SP,Porto Alegre,Recrutador_C,Analista_Y,Sudeste,Nordeste
0.5552008115994623,0.17743954377972282,8818.83328094026,27.303095571486242,0.7375823015888915,687,480,1,1,Graduacao,Avancado,PJ,SP,Sao Paulo,Recrutador_D,Analista_X,Sudeste,Sul
0.5296505783560065,0.7506147516408583,2202.8648523617176,8.296291558743487,0.23877714576830233,607,506,1,0,Graduacao,Basico,CLT,RJ,Curitiba,Recrutador_D,Analista_X,Centro-Oeste,Sul
0.24185229090045168,0.806834739267264,6125.938473381142,9.550622133277743,0.11047411313139466,624,477,0,0,Graduacao,Avancado,PJ,SP,Brasilia,Recrutador_C,Analista_Y,Sudeste,Nordeste
0.09310276780589921,0.9905051420006733,3698.714861756346,41.50392418763531,0.35462215764077654,722,644,1,1,Graduacao,Avancado,CLT,SP,Rio de Janeiro,Recrutador_A,Analista_X,Sudeste,Sudeste
0.8972157579533268,0.4126176769114265,4025.749232470608,45.46742672028074,0.28723899165408173,395,831,0,0,Tecnico,Avancado,PJ,RS,Sao Paulo,Recrutador_B,Analista_Y,Nordeste,Sudeste
0.9004180571633305,0.37201808579278317,3815.2121515222616,18.54553786514839,0.2963081204559901,548,416,1,1,Ensino Medio,Fluente,CLT,DF,Curitiba,Recrutador_B,Analista_X,Sudeste,Sudeste
0.6331014572732679,0.7764129607419968,3272.018460640368,13.724999637747027,0.23360775104990994,266,294,0,1,Graduacao,Basico,CLT,PR,Porto Alegre,Recrutador_A,Analista_X,Nordeste,Nordeste
0.3390297910487007,0.34080354025301784,5097.043255889654,31.26797853223374,0.04209318963636188,679,486,0,1,Graduacao,Basico,CLT,RS,Rio de Janeiro,Recrutador_C,Analista_X,Sudeste,Nordeste
0.3492095746126609,0.9307573256035647,3338.099767177924,20.210506041610532,0.01787393473341381,729,886,0,1,Mestrado,Intermediario,PJ,SP,Brasilia,Recrutador_C,Analista_Z,Sudeste,Sudeste
0.7259556788702394,0.8584127518430118,5540.913651559677,2.1931587160362085,0.9877223897360315,503,379,0,0,Pos,Basico,CLT,DF,Sao Paulo,Recrutador_B,Analista_X,Sudeste,Sul
0.8971102599525771,0.42899402737501835,4899.523781101726,8.339172076210946,0.42777313373586234,914,745,0,1,Pos,Intermediario,PJ,SP,Rio de Janeiro,Recrutador_B,Analista_Y,Centro-Oeste,Sudeste
0.8870864242651173,0.7508710677914974,4522.103906267181,34.650694755827686,0.3843266471596817,354,751,1,1,Pos,Intermediario,CLT,DF,Curitiba,Recrutador_D,Analista_X,Sudeste,Sudeste
0.7798755458576239,0.7545428740846823,3184.872675916804,31.969425269777112,0.6796472826930698,307,416,1,0,Graduacao,Intermediario,PJ,DF,Porto Alegre,Recrutador_D,Analista_Y,Sudeste,Norte
